{
  "parent": "item/generated",
  "textures": {
    "layer0": "minecraft:custom/skins/bows/lavender_light"
  },
  "display": {
      "thirdperson_righthand": {
          "rotation": [ -80, 260, -40 ],
          "translation": [ -1, -3, 3.5 ],
          "scale": [ 1.8, 1.8, 0.9 ]
      },
      "thirdperson_lefthand": {
          "rotation": [ -80, -280, 40 ],
          "translation": [ -1, -3, 3.5 ],
          "scale": [ 1.8, 1.8, 0.9 ]
      },
      "firstperson_righthand": {
          "rotation": [ 0, -90, 25 ],
          "translation": [ 1.13, 3.2, 1.13],
          "scale": [ 1.36, 1.36, 0.68 ]
      },
      "firstperson_lefthand": {
          "rotation": [ 0, 90, -25 ],
          "translation": [ 1.13, 3.2, 1.13],
          "scale": [ 1.36, 1.36, 0.68 ]
      }
,
      "ground": {
          "rotation": [ 0, 0, 0 ],
          "translation": [ 0, 0, 0 ],
          "scale": [ 1.0, 1.0, 0.5 ]
      },
      "fixed": {
          "rotation": [ 0, 180, 0 ],
          "translation": [ 0, 0, 0 ],
          "scale": [ 2.0, 2.0, 1.0 ]
      },
      "gui": {
          "rotation": [ 0, 0, 0 ],
          "translation": [ -0.5, -0.5, 0 ],
          "scale": [ 1.9, 1.9, 1.0 ]
      }
  }
}