{
  "parent": "item/generated",
  "textures": {
    "layer0": "minecraft:custom/skins/bows/snowblaster"
  },
  "display": {
      "thirdperson_righthand": {
          "rotation": [ -85, 270, -40 ],
          "translation": [ 0, 3.0, -1.5 ],
          "scale": [ 0.9, 0.9, 0.9 ]
      },
      "thirdperson_lefthand": {
          "rotation": [ -85, -270, 40 ],
          "translation": [ 0, 3.0, -1.5 ],
          "scale": [ 0.9, 0.9, 0.9 ]
      },
      "firstperson_righthand": {
          "rotation": [ 0, -90, 25 ],
          "translation": [ 1.13, 3.7, -1.13],
          "scale": [ 0.68, 0.68, 0.68 ]
      },
      "firstperson_lefthand": {
          "rotation": [ 0, 90, -25 ],
          "translation": [ 1.13, 3.7, -1.13],
          "scale": [ 0.68, 0.68, 0.68 ]
      },
      "ground": {
          "rotation": [ 0, 0, 0 ],
          "translation": [ 0, 0, 0 ],
          "scale": [ 0.5, 0.5, 0.5 ]
      },
      "fixed": {
          "rotation": [ 0, 180, 0 ],
          "translation": [ 0, 0, 0 ],
          "scale": [ 1.0, 1.0, 1.0 ]
      },
      "gui": {
          "rotation": [ 0, 0, 0 ],
          "translation": [ 0, 0, 0 ],
          "scale": [ 1.0, 1.0, 1.0 ]
      }
  }
}