{
    "macron_explosion": {
      "sounds": [
        "syrfewr:sfx/explosion_macron"]
      },
      
    "music_spleef": {
      "sounds": [
        "syrfewr:music/double_time"]
      },
      "music_end_spleef": {
        "sounds": [
          "syrfewr:music/double_time_end"]
        },
        
      
        "music_deacoudre": {
          "sounds": [
            "syrfewr:music/chop_chop"]
          },
          "music_end_deacoudre": {
            "sounds": [
              "syrfewr:music/chop_chop_end"]
            },


            "music_tntrun": {
          "sounds": [
            "syrfewr:music/time_is_of_the_essence"]
          },
          "music_end_tntrun": {
            "sounds": [
              "syrfewr:music/time_is_of_the_essence_end"]
            }
}