{
	"credit": "Made with Blockbench",
	"texture_size": [64, 64],
	"textures": {
		"0": "block/minecart",
		"1": "entity/chest/normal"
	},
	"elements": [
		{
			"name": "Cube",
			"from": [1, 13, 1],
			"to": [15, 18, 15],
			"shade": false,
			"rotation": {"angle": 0, "axis": "z", "origin": [8, 9, 8]},
			"faces": {
				"north": {"uv": [3.5, 3.5, 7, 4.75], "rotation": 180, "texture": "#1"},
				"east": {"uv": [0, 3.5, 3.5, 4.75], "rotation": 180, "texture": "#1"},
				"south": {"uv": [10.5, 3.5, 14, 4.75], "rotation": 180, "texture": "#1"},
				"west": {"uv": [7, 3.5, 10.5, 4.75], "rotation": 180, "texture": "#1"},
				"up": {"uv": [7, 3.5, 10.5, 0], "texture": "#1"},
				"down": {"uv": [7, 3.5, 3.5, 0], "rotation": 180, "texture": "#1"}
			}
		},
		{
			"name": "Cube",
			"from": [1, 4, 1],
			"to": [15, 14, 15],
			"shade": false,
			"faces": {
				"north": {"uv": [3.5, 8.25, 7, 10.75], "rotation": 180, "texture": "#1"},
				"east": {"uv": [0, 8.25, 3.5, 10.75], "rotation": 180, "texture": "#1"},
				"south": {"uv": [10.5, 8.25, 14, 10.75], "rotation": 180, "texture": "#1"},
				"west": {"uv": [7, 8.25, 10.5, 10.75], "rotation": 180, "texture": "#1"},
				"up": {"uv": [7, 8.25, 10.5, 4.75], "texture": "#1"},
				"down": {"uv": [7, 8.25, 3.5, 4.75], "rotation": 180, "texture": "#1"}
			}
		},
		{
			"name": "Cube",
			"from": [7, 11, 15],
			"to": [9, 15, 16],
			"faces": {
				"east": {"uv": [0, 1.25, 0.25, 0.25], "texture": "#1"},
				"south": {"uv": [1.5, 1.25, 1, 0.25], "texture": "#1"},
				"west": {"uv": [0.75, 1.25, 1, 0.25], "texture": "#1"},
				"up": {"uv": [0.75, 0.25, 0.25, 0], "rotation": 180, "texture": "#1"},
				"down": {"uv": [1.25, 0, 0.75, 0.25], "rotation": 180, "texture": "#1"}
			}
		},
		{
			"name": "Cube",
			"from": [-2.4, -2.4, -5],
			"to": [18.4, 0.2, 21],
			"faces": {
				"north": {"uv": [5.5, 6, 6, 14], "rotation": 90, "texture": "#0"},
				"east": {"uv": [0.5, 5, 5.5, 6], "texture": "#0"},
				"south": {"uv": [0, 6, 0.5, 14], "rotation": 90, "texture": "#0"},
				"west": {"uv": [5.5, 5, 10.5, 6], "texture": "#0"},
				"up": {"uv": [6, 6, 11, 14], "rotation": 90, "texture": "#0"},
				"down": {"uv": [5.5, 6, 0.5, 14], "rotation": 90, "texture": "#0"}
			}
		},
		{
			"name": "Cube",
			"from": [-2.4, 0.2, -5],
			"to": [18.4, 10.6, -2.4],
			"faces": {
				"north": {"uv": [5, 1, 9, 5], "texture": "#0"},
				"east": {"uv": [4.5, 1, 5, 5], "texture": "#0"},
				"south": {"uv": [0.5, 1, 4.5, 5], "texture": "#0"},
				"west": {"uv": [0, 1, 0.5, 5], "texture": "#0"},
				"up": {"uv": [0.5, 0, 4.5, 1], "texture": "#0"},
				"down": {"uv": [0.5, 0, 4.5, 1], "texture": "#0"}
			}
		},
		{
			"name": "Cube",
			"from": [-2.4, 0.2, 18.4],
			"to": [18.4, 10.6, 21],
			"faces": {
				"north": {"uv": [0.5, 1, 4.5, 5], "texture": "#0"},
				"east": {"uv": [0, 1, 0.5, 5], "texture": "#0"},
				"south": {"uv": [5, 1, 9, 5], "texture": "#0"},
				"west": {"uv": [4.5, 1, 5, 5], "texture": "#0"},
				"up": {"uv": [0.5, 1, 4.5, 0], "texture": "#0"},
				"down": {"uv": [0.5, 0, 4.5, 1], "texture": "#0"}
			}
		},
		{
			"name": "Cube",
			"from": [-2.4, 0.2, -2.4],
			"to": [0.2, 10.6, 18.4],
			"faces": {
				"east": {"uv": [0.5, 1, 4.5, 5], "texture": "#0"},
				"west": {"uv": [5, 1, 9, 5], "texture": "#0"},
				"up": {"uv": [0.5, 0, 4.5, 1], "rotation": 270, "texture": "#0"}
			}
		},
		{
			"name": "Cube",
			"from": [15.8, 0.2, -2.4],
			"to": [18.4, 10.6, 18.4],
			"faces": {
				"east": {"uv": [5, 1, 9, 5], "texture": "#0"},
				"west": {"uv": [0.5, 1, 4.5, 5], "texture": "#0"},
				"up": {"uv": [0.5, 0, 4.5, 1], "rotation": 90, "texture": "#0"}
			}
		}
	],
	"groups": [0, 1, 2,
		{
			"name": "empty",
			"origin": [8, 8, 8],
			"children": [3, 4, 5, 6, 7]
		}
	]
}