{
	"credit": "Made with Blockbench",
	"textures": {
		"0": "custom/minecart",
		"top": "block/hopper_top",
		"side": "block/hopper_outside",
		"inside": "block/hopper_inside"
	},
	"elements": [
		{
			"from": [0, 8, 0],
			"to": [16, 9, 16],
			"faces": {
				"north": {"uv": [0, 7, 16, 8], "texture": "#side"},
				"east": {"uv": [0, 7, 16, 8], "texture": "#side"},
				"south": {"uv": [0, 7, 16, 8], "texture": "#side"},
				"west": {"uv": [0, 7, 16, 8], "texture": "#side"},
				"up": {"uv": [0, 0, 16, 16], "texture": "#inside"},
				"down": {"uv": [0, 0, 16, 16], "texture": "#side"}
			}
		},
		{
			"from": [0, 9, 0],
			"to": [2, 14, 16],
			"faces": {
				"north": {"uv": [14, 2, 16, 7], "texture": "#side"},
				"east": {"uv": [0, 2, 16, 7], "texture": "#side"},
				"south": {"uv": [0, 2, 2, 7], "texture": "#side"},
				"west": {"uv": [0, 2, 16, 7], "texture": "#side"},
				"up": {"uv": [0, 0, 2, 16], "texture": "#top"},
				"down": {"uv": [0, 0, 2, 16], "texture": "#side"}
			}
		},
		{
			"from": [14, 9, 0],
			"to": [16, 14, 16],
			"faces": {
				"north": {"uv": [0, 2, 2, 7], "texture": "#side"},
				"east": {"uv": [0, 2, 16, 7], "texture": "#side"},
				"south": {"uv": [14, 2, 16, 7], "texture": "#side"},
				"west": {"uv": [0, 2, 16, 7], "texture": "#side"},
				"up": {"uv": [14, 0, 16, 16], "texture": "#top"},
				"down": {"uv": [14, 0, 16, 16], "texture": "#side"}
			}
		},
		{
			"from": [2, 9, 0],
			"to": [14, 14, 2],
			"faces": {
				"north": {"uv": [2, 2, 14, 7], "texture": "#side"},
				"east": {"uv": [14, 2, 16, 7], "texture": "#side"},
				"south": {"uv": [2, 2, 14, 7], "texture": "#side"},
				"west": {"uv": [0, 2, 2, 7], "texture": "#side"},
				"up": {"uv": [2, 0, 14, 2], "texture": "#top"},
				"down": {"uv": [2, 14, 14, 16], "texture": "#side"}
			}
		},
		{
			"from": [2, 9, 14],
			"to": [14, 14, 16],
			"faces": {
				"north": {"uv": [2, 2, 14, 7], "texture": "#side"},
				"east": {"uv": [0, 2, 2, 7], "texture": "#side"},
				"south": {"uv": [2, 2, 14, 7], "texture": "#side"},
				"west": {"uv": [14, 2, 16, 7], "texture": "#side"},
				"up": {"uv": [2, 14, 14, 16], "texture": "#top"},
				"down": {"uv": [2, 0, 14, 2], "texture": "#side"}
			}
		},
		{
			"from": [4, 2, 4],
			"to": [12, 8, 12],
			"faces": {
				"north": {"uv": [4, 8, 12, 14], "texture": "#side"},
				"east": {"uv": [4, 8, 12, 14], "texture": "#side"},
				"south": {"uv": [4, 8, 12, 14], "texture": "#side"},
				"west": {"uv": [4, 8, 12, 14], "texture": "#side"},
				"up": {"uv": [4, 4, 12, 12], "texture": "#side"},
				"down": {"uv": [4, 4, 12, 12], "texture": "#side"}
			}
		},
		{
			"from": [6, -2, 6],
			"to": [10, 2, 10],
			"faces": {
				"north": {"uv": [6, 14, 10, 18], "texture": "#side"},
				"east": {"uv": [6, 14, 10, 18], "texture": "#side"},
				"south": {"uv": [6, 14, 10, 18], "texture": "#side"},
				"west": {"uv": [6, 14, 10, 18], "texture": "#side"},
				"up": {"uv": [6, 6, 10, 10], "texture": "#side"},
				"down": {"uv": [6, 6, 10, 10], "texture": "#side"}
			}
		},
		{
			"name": "Cube",
			"from": [-2.4, -2.4, -5],
			"to": [18.4, 0.2, 21],
			"faces": {
				"north": {"uv": [5.5, 6, 6, 14], "rotation": 90, "texture": "#0"},
				"east": {"uv": [0.5, 5, 5.5, 6], "texture": "#0"},
				"south": {"uv": [0, 6, 0.5, 14], "rotation": 90, "texture": "#0"},
				"west": {"uv": [5.5, 5, 10.5, 6], "texture": "#0"},
				"up": {"uv": [6, 6, 11, 14], "rotation": 90, "texture": "#0"},
				"down": {"uv": [5.5, 6, 0.5, 14], "rotation": 90, "texture": "#0"}
			}
		},
		{
			"name": "Cube",
			"from": [-2.4, 0.2, -5],
			"to": [18.4, 10.6, -2.4],
			"faces": {
				"north": {"uv": [5, 1, 9, 5], "texture": "#0"},
				"east": {"uv": [4.5, 1, 5, 5], "texture": "#0"},
				"south": {"uv": [0.5, 1, 4.5, 5], "texture": "#0"},
				"west": {"uv": [0, 1, 0.5, 5], "texture": "#0"},
				"up": {"uv": [0.5, 0, 4.5, 1], "texture": "#0"},
				"down": {"uv": [0.5, 0, 4.5, 1], "texture": "#0"}
			}
		},
		{
			"name": "Cube",
			"from": [-2.4, 0.2, 18.4],
			"to": [18.4, 10.6, 21],
			"faces": {
				"north": {"uv": [0.5, 1, 4.5, 5], "texture": "#0"},
				"east": {"uv": [0, 1, 0.5, 5], "texture": "#0"},
				"south": {"uv": [5, 1, 9, 5], "texture": "#0"},
				"west": {"uv": [4.5, 1, 5, 5], "texture": "#0"},
				"up": {"uv": [0.5, 1, 4.5, 0], "texture": "#0"},
				"down": {"uv": [0.5, 0, 4.5, 1], "texture": "#0"}
			}
		},
		{
			"name": "Cube",
			"from": [-2.4, 0.2, -2.4],
			"to": [0.2, 10.6, 18.4],
			"faces": {
				"east": {"uv": [0.5, 1, 4.5, 5], "texture": "#0"},
				"west": {"uv": [5, 1, 9, 5], "texture": "#0"},
				"up": {"uv": [0.5, 0, 4.5, 1], "rotation": 270, "texture": "#0"}
			}
		},
		{
			"name": "Cube",
			"from": [15.8, 0.2, -2.4],
			"to": [18.4, 10.6, 18.4],
			"faces": {
				"east": {"uv": [5, 1, 9, 5], "texture": "#0"},
				"west": {"uv": [0.5, 1, 4.5, 5], "texture": "#0"},
				"up": {"uv": [0.5, 0, 4.5, 1], "rotation": 90, "texture": "#0"}
			}
		}
	]
}