{
  "parent": "item/generated",
  "textures": {
    "layer0": "minecraft:item/stick"
  },
  "display": {
      "thirdperson_righthand": {
          "rotation": [ 0, -90, 55 ],
          "translation": [ 0, 4.0, 0.5 ],
          "scale": [ 4, 4, 4 ]
      },
      "thirdperson_lefthand": {
          "rotation": [ 0, 90, -55 ],
          "translation": [ 0, 4.0, 0.5 ],
          "scale": [ 4, 4, 4 ]
      },
      "firstperson_righthand": {
          "rotation": [ 0, -90, 25 ],
          "translation": [ 1.13, 3.2, 1.13 ],
          "scale": [ 4, 4, 4 ]
      },
      "firstperson_lefthand": {
          "rotation": [ 0, 90, -25 ],
          "translation": [ 1.13, 3.2, 1.13 ],
          "scale": [ 4, 4, 4 ]
      }
  }
}