{
    "parent": "item/generated",
    "textures": {
        "layer0": "item/barrier"
	},
	"overrides": [
        {"predicate": {"custom_model_data": 1}, "model": "chicken_haven:ui/egg_compass/menu"},
        {"predicate": {"custom_model_data": 2}, "model": "chicken_haven:ui/egg_compass/menu_bank"},
        {"predicate": {"custom_model_data": 3}, "model": "chicken_haven:empty"},
        {"predicate": {"custom_model_data": 4}, "model": "syrfewr:lobby/ui/inventory/gray_question"},
        {"predicate": {"custom_model_data": 5}, "model": "syrfewr:lobby/ui/inventory/green_question"},
        {"predicate": {"custom_model_data": 6}, "model": "syrfewr:lobby/ui/inventory/blue_question"},
        {"predicate": {"custom_model_data": 7}, "model": "syrfewr:lobby/ui/inventory/purple_question"},
        {"predicate": {"custom_model_data": 8}, "model": "syrfewr:lobby/ui/inventory/yellow_question"},
        {"predicate": {"custom_model_data": 9}, "model": "syrfewr:lobby/ui/inventory/red_question"},
        {"predicate": {"custom_model_data": 10}, "model": "syrfewr:lobby/ui/inventory/time/night"},
        {"predicate": {"custom_model_data": 11}, "model": "syrfewr:lobby/ui/inventory/time/morning"},
        {"predicate": {"custom_model_data": 12}, "model": "syrfewr:lobby/ui/inventory/time/afternoon"},
        {"predicate": {"custom_model_data": 13}, "model": "syrfewr:lobby/ui/inventory/time/evening"},

        {"predicate": {"custom_model_data": 101}, "model": "syrfewr:lobby/ui/inventory/main_menu"},
        {"predicate": {"custom_model_data": 102}, "model": "syrfewr:lobby/ui/inventory/my_cosmetics"},
        {"predicate": {"custom_model_data": 103}, "model": "syrfewr:lobby/ui/inventory/gamemodes"},
        {"predicate": {"custom_model_data": 104}, "model": "syrfewr:lobby/ui/inventory/my_cosmetics_info"},
        {"predicate": {"custom_model_data": 105}, "model": "syrfewr:lobby/ui/inventory/more"},
        {"predicate": {"custom_model_data": 106}, "model": "syrfewr:lobby/ui/inventory/trouvailles"},
        {"predicate": {"custom_model_data": 107}, "model": "syrfewr:lobby/ui/inventory/lootboxes"},
        {"predicate": {"custom_model_data": 108}, "model": "syrfewr:lobby/ui/inventory/my_quests"},
        {"predicate": {"custom_model_data": 109}, "model": "syrfewr:lobby/ui/inventory/more2"},
        {"predicate": {"custom_model_data": 110}, "model": "syrfewr:lobby/ui/inventory/more3"},

        {"predicate": {"custom_model_data": 201}, "model": "syrfewr:lobby/ui/modes/main"},

        {"predicate": {"custom_model_data": 501}, "model": "glasswar:ui/game/menu"}
    ]
}