{
    "parent": "item/generated",
    "textures": {
        "layer0": "item/bow"
    },
    "display": {
        "thirdperson_righthand": {
            "rotation": [ -80, 260, -40 ],
            "translation": [ -1, -2, 2.5 ],
            "scale": [ 0.9, 0.9, 0.9 ]
        },
        "thirdperson_lefthand": {
            "rotation": [ -80, -280, 40 ],
            "translation": [ -1, -2, 2.5 ],
            "scale": [ 0.9, 0.9, 0.9 ]
        },
        "firstperson_righthand": {
            "rotation": [ 0, -90, 25 ],
            "translation": [ 1.13, 3.2, 1.13],
            "scale": [ 0.68, 0.68, 0.68 ]
        },
        "firstperson_lefthand": {
            "rotation": [ 0, 90, -25 ],
            "translation": [ 1.13, 3.2, 1.13],
            "scale": [ 0.68, 0.68, 0.68 ]
        }
    },
    "overrides": [
        {
            "predicate": {
                "pulling": 1
            },
            "model": "item/bow_pulling_0"
        },
        {
            "predicate": {
                "pulling": 1,
                "pull": 0.65
            },
            "model": "item/bow_pulling_1"
        },
        {
            "predicate": {
                "pulling": 1,
                "pull": 0.9
            },
            "model": "item/bow_pulling_2"
        },

        { "predicate" : { "custom_model_data" : 1}, "model" : "syrfewr:skins/bows/shortbow" },
        { "predicate" : { "custom_model_data" : 1, "pulling" : 1}, "model" : "syrfewr:skins/bows/shortbow_pulling_0" },
        { "predicate" : { "custom_model_data" : 1, "pulling" : 1, "pull" : 0.65}, "model" : "syrfewr:skins/bows/shortbow_pulling_1" },
        { "predicate" : { "custom_model_data" : 1, "pulling" : 1, "pull" : 0.9}, "model" : "syrfewr:skins/bows/shortbow_pulling_2" },
        
        { "predicate" : { "custom_model_data" : 2}, "model" : "syrfewr:skins/bows/bonebow" },
        { "predicate" : { "custom_model_data" : 2, "pulling" : 1}, "model" : "syrfewr:skins/bows/bonebow_pulling_0" },
        { "predicate" : { "custom_model_data" : 2, "pulling" : 1, "pull" : 0.65}, "model" : "syrfewr:skins/bows/bonebow_pulling_1" },
        { "predicate" : { "custom_model_data" : 2, "pulling" : 1, "pull" : 0.9}, "model" : "syrfewr:skins/bows/bonebow_pulling_2" },

        { "predicate" : { "custom_model_data" : 3}, "model" : "syrfewr:skins/bows/gun" },
        { "predicate" : { "custom_model_data" : 3, "pulling" : 1}, "model" : "syrfewr:skins/bows/gun_pulling_0" },
        { "predicate" : { "custom_model_data" : 3, "pulling" : 1, "pull" : 0.65}, "model" : "syrfewr:skins/bows/gun_pulling_1" },
        { "predicate" : { "custom_model_data" : 3, "pulling" : 1, "pull" : 0.9}, "model" : "syrfewr:skins/bows/gun_pulling_2" },

        
        { "predicate" : { "custom_model_data" : 4}, "model" : "syrfewr:skins/bows/angel" },
        { "predicate" : { "custom_model_data" : 4, "pulling" : 1}, "model" : "syrfewr:skins/bows/angel_pulling_0" },
        { "predicate" : { "custom_model_data" : 4, "pulling" : 1, "pull" : 0.65}, "model" : "syrfewr:skins/bows/angel_pulling_1" },
        { "predicate" : { "custom_model_data" : 4, "pulling" : 1, "pull" : 0.9}, "model" : "syrfewr:skins/bows/angel_pulling_2" },
    
        { "predicate" : { "custom_model_data" : 5}, "model" : "syrfewr:skins/bows/windbow" },
        { "predicate" : { "custom_model_data" : 5, "pulling" : 1}, "model" : "syrfewr:skins/bows/windbow_pulling_0" },
        { "predicate" : { "custom_model_data" : 5, "pulling" : 1, "pull" : 0.65}, "model" : "syrfewr:skins/bows/windbow_pulling_1" },
        { "predicate" : { "custom_model_data" : 5, "pulling" : 1, "pull" : 0.9}, "model" : "syrfewr:skins/bows/windbow_pulling_2" },

        { "predicate" : { "custom_model_data" : 6}, "model" : "syrfewr:skins/bows/floriculture" },
        { "predicate" : { "custom_model_data" : 6, "pulling" : 1}, "model" : "syrfewr:skins/bows/floriculture_pulling_0" },
        { "predicate" : { "custom_model_data" : 6, "pulling" : 1, "pull" : 0.65}, "model" : "syrfewr:skins/bows/floriculture_pulling_1" },
        { "predicate" : { "custom_model_data" : 6, "pulling" : 1, "pull" : 0.9}, "model" : "syrfewr:skins/bows/floriculture_pulling_2" },

        { "predicate" : { "custom_model_data" : 7}, "model" : "syrfewr:skins/bows/bubblebow" },
        { "predicate" : { "custom_model_data" : 7, "pulling" : 1}, "model" : "syrfewr:skins/bows/bubblebow_pulling_0" },
        { "predicate" : { "custom_model_data" : 7, "pulling" : 1, "pull" : 0.65}, "model" : "syrfewr:skins/bows/bubblebow_pulling_1" },
        { "predicate" : { "custom_model_data" : 7, "pulling" : 1, "pull" : 0.9}, "model" : "syrfewr:skins/bows/bubblebow_pulling_2" },

        { "predicate" : { "custom_model_data" : 8}, "model" : "syrfewr:skins/bows/thirdwing" },
        { "predicate" : { "custom_model_data" : 8, "pulling" : 1}, "model" : "syrfewr:skins/bows/thirdwing_pulling_0" },
        { "predicate" : { "custom_model_data" : 8, "pulling" : 1, "pull" : 0.65}, "model" : "syrfewr:skins/bows/thirdwing_pulling_1" },
        { "predicate" : { "custom_model_data" : 8, "pulling" : 1, "pull" : 0.9}, "model" : "syrfewr:skins/bows/thirdwing_pulling_2" },

        { "predicate" : { "custom_model_data" : 9}, "model" : "syrfewr:skins/bows/lavenderlight" },
        { "predicate" : { "custom_model_data" : 9, "pulling" : 1}, "model" : "syrfewr:skins/bows/lavenderlight_pulling_0" },
        { "predicate" : { "custom_model_data" : 9, "pulling" : 1, "pull" : 0.65}, "model" : "syrfewr:skins/bows/lavenderlight_pulling_1" },
        { "predicate" : { "custom_model_data" : 9, "pulling" : 1, "pull" : 0.9}, "model" : "syrfewr:skins/bows/lavenderlight_pulling_2" },

        { "predicate" : { "custom_model_data" : 10}, "model" : "syrfewr:skins/bows/webbedbow" },
        { "predicate" : { "custom_model_data" : 10, "pulling" : 1}, "model" : "syrfewr:skins/bows/webbedbow_pulling_0" },
        { "predicate" : { "custom_model_data" : 10, "pulling" : 1, "pull" : 0.65}, "model" : "syrfewr:skins/bows/webbedbow_pulling_1" },
        { "predicate" : { "custom_model_data" : 10, "pulling" : 1, "pull" : 0.9}, "model" : "syrfewr:skins/bows/webbedbow_pulling_2" },

        { "predicate" : { "custom_model_data" : 11}, "model" : "syrfewr:skins/bows/snowblaster" },
        { "predicate" : { "custom_model_data" : 11, "pulling" : 1}, "model" : "syrfewr:skins/bows/snowblaster_pulling_0" },
        { "predicate" : { "custom_model_data" : 11, "pulling" : 1, "pull" : 0.65}, "model" : "syrfewr:skins/bows/snowblaster_pulling_1" },
        { "predicate" : { "custom_model_data" : 11, "pulling" : 1, "pull" : 0.9}, "model" : "syrfewr:skins/bows/snowblaster_pulling_2" },

        { "predicate" : { "custom_model_data" : 12}, "model" : "syrfewr:skins/bows/scarlet" },
        { "predicate" : { "custom_model_data" : 12, "pulling" : 1}, "model" : "syrfewr:skins/bows/scarlet_pulling_0" },
        { "predicate" : { "custom_model_data" : 12, "pulling" : 1, "pull" : 0.65}, "model" : "syrfewr:skins/bows/scarlet_pulling_1" },
        { "predicate" : { "custom_model_data" : 12, "pulling" : 1, "pull" : 0.9}, "model" : "syrfewr:skins/bows/scarlet_pulling_2" }
    ]
}
