{
  "parent": "minecraft:item/generated",
  "textures": {
    "layer0": "minecraft:item/prismarine_crystals"
  },
	"overrides": [
		{ "predicate": { "custom_model_data": 1}, "model": "syrfewr:fish/hooks/basic_hook" },
		{ "predicate": { "custom_model_data": 2}, "model": "syrfewr:fish/hooks/double_hook" },
		{ "predicate": { "custom_model_data": 3}, "model": "syrfewr:fish/hooks/gold_hook" },
		{ "predicate": { "custom_model_data": 4}, "model": "syrfewr:fish/hooks/diamond_hook" },
  
		{ "predicate": { "custom_model_data": 1000}, "model": "syrfewr:fish/baits/worm" },
		{ "predicate": { "custom_model_data": 1001}, "model": "syrfewr:fish/baits/algae" }
  ]
}